chuanqtkt,qdbanhanh,chuyenkhoa,tenqtkt
QTKT theo chuẩn cũ,QĐ số: 26/QĐ-BYT ngày 03/01/2013,Vi sinh,Adenovirus Real-time PCR
QTKT theo chuẩn cũ,QĐ số: 26/QĐ-BYT ngày 03/01/2013,Vi sinh,AFB trực tiếp nhuộm huynh quang
QTKT theo chuẩn cũ,QĐ số: 26/QĐ-BYT ngày 03/01/2013,Vi sinh,AFB trực tiếp nhuộm Ziehl-Nielsen
QTKT theo chuẩn cũ,QĐ số: 3336/QĐ-BYT ngày 20/07/2017,Huyết học; tuyến máu; sinh học,ANA 17 profile test (sàng lọc và định danh đồng thời 17 typ kháng thể kháng nhân bằng sắc ký miễn dịch)
QTKT theo chuẩn cũ,QĐ số: 26/QĐ-BYT ngày 03/01/2013,Vi sinh,Angiostrong cantonensis (Sán lá phổi) bằng kỹ thuật lai tạo đồng
QTKT theo chuẩn cũ,QĐ số: 6769/QĐ-BYT ngày 08/11/2018,Vi sinh,BK virus do lai lượng Real-time PCR
QTKT theo chuẩn cũ,QĐ số: 26/QĐ-BYT ngày 03/01/2013,Vi sinh,BVDV PCR
QTKT theo chuẩn cũ,QĐ số: 11/QĐ-BYT ngày 04/01/2022,Phẫu thuật Tim mạch; Cột sống; Bọc phúc mạc bên phải,Phẫu thuật Tim mạch; Cột sống; Bọc phúc mạc bên phải
QTKT theo chuẩn cũ,QĐ số: 11/QĐ-BYT ngày 04/01/2022,Phẫu thuật Tim mạch; Cột sống; Bọc phúc mạc kém cắt các tạng khác,Phẫu thuật Tim mạch; Cột sống; Bọc phúc mạc kém cắt các tạng khác
QTKT theo chuẩn cũ,QĐ số: 11/QĐ-BYT ngày 04/01/2022,Phẫu thuật Tim mạch; Cột sống; Bọc phúc mạc phổi tạng,Phẫu thuật Tim mạch; Cột sống; Bọc phúc mạc phổi tạng
QTKT theo chuẩn cũ,QĐ số: 4825/QĐ-BYT ngày 07/09/2016,Nhi khoa,Bít lỗ thông liên nhĩ
QTKT theo chuẩn cũ,QĐ số: 3983/QĐ-BYT ngày 03/10/2014,Nội Tim mạch,Bít lỗ thông liên nhĩ/ liên thất/ ống động mạch
QTKT theo chuẩn mới,QĐ số: 3983/QĐ-BYT ngày 03/10/2014,Nội Tim mạch,Bít lỗ thông liên nhĩ/ liên thất/ ống động mạch
QTKT theo chuẩn mới,QĐ số: 3983/QĐ-BYT ngày 03/10/2014,Nội Tim mạch,Bít lỗ thông liên nhĩ/ liên thất/ ống động mạch
QTKT theo chuẩn mới,QĐ số: 4825/QĐ-BYT ngày 07/09/2016,Nhi khoa,Bít lỗ thông liên thất
QTKT theo chuẩn mới,QĐ số: 4825/QĐ-BYT ngày 07/09/2016,Nhi khoa,Bít lỗ thông ống động mạch
QTKT theo chuẩn mới,QĐ số: 3983/QĐ-BYT ngày 03/10/2014,Nội Tim mạch,Bít tắu nhĩ trái bằng dụng cụ phòng ngừa biến cố tắc mạch ở người bệnh rung nhĩ
QTKT theo chuẩn mới,QĐ số: 2831/QĐ-BYT ngày 04/07/2019,Nhi khoa,Bó bột ống trong gãy xương bành chè
QTKT theo chuẩn mới,QĐ số: 5731/QĐ-BYT ngày 21/12/2017,Ngoại Tiêu hoá,Bóc bạch mạch quanh thân; đầu tụy đại đường chập
QTKT theo chuẩn mới,QĐ số: 4825/QĐ-BYT ngày 07/09/2016,Nhi khoa,Bóc giả mạc
